# ************************************************************
# Sequel Ace SQL dump
# Version 20078
#
# https://sequel-ace.com/
# https://github.com/Sequel-Ace/Sequel-Ace
#
# Host: 127.0.0.1 (MySQL 8.0.35)
# Database: hak
# Generation Time: 2024-12-26 15:21:09 +0000
# ************************************************************


/*!40101 SET @OLD_CHARACTER_SET_CLIENT=@@CHARACTER_SET_CLIENT */;
/*!40101 SET @OLD_CHARACTER_SET_RESULTS=@@CHARACTER_SET_RESULTS */;
/*!40101 SET @OLD_COLLATION_CONNECTION=@@COLLATION_CONNECTION */;
SET NAMES utf8mb4;
/*!40014 SET @OLD_FOREIGN_KEY_CHECKS=@@FOREIGN_KEY_CHECKS, FOREIGN_KEY_CHECKS=0 */;
/*!40101 SET @OLD_SQL_MODE='NO_AUTO_VALUE_ON_ZERO', SQL_MODE='NO_AUTO_VALUE_ON_ZERO' */;
/*!40111 SET @OLD_SQL_NOTES=@@SQL_NOTES, SQL_NOTES=0 */;


# Dump of table discovery_methods
# ------------------------------------------------------------

DROP TABLE IF EXISTS `discovery_methods`;

CREATE TABLE `discovery_methods` (
  `id` int NOT NULL,
  `name` varchar(45) NOT NULL,
  `description` blob NOT NULL,
  PRIMARY KEY (`id`),
  UNIQUE KEY `id_UNIQUE` (`id`)
) ENGINE=InnoDB DEFAULT CHARSET=utf8mb3;

LOCK TABLES `discovery_methods` WRITE;
/*!40000 ALTER TABLE `discovery_methods` DISABLE KEYS */;

INSERT INTO `discovery_methods` (`id`, `name`, `description`)
VALUES
	(1,'Transit Method',X'546865207472616E736974206D6574686F6420696E766F6C766573206D6F6E69746F72696E67207468652064696D6D696E67206F6620612073746172E2809973206C69676874207768656E206120706C616E65742070617373657320696E2066726F6E74206F662069742E'),
	(2,'Radial Velocity',X'54686973206D6574686F64207573657320446F70706C65722073686966747320696E2074686520737065637472756D206F66206C6967687420656D697474656420627920746865207374617220746F2064657465637420746865206772617669746174696F6E616C20696E666C75656E6365206F66206F72626974696E6720706C616E6574732E'),
	(3,'Direct Imaging',X'54686973206D6574686F6420696E766F6C766573207573696E6720686967682D706F77657265642074656C6573636F70657320746F206469726563746C79206361707475726520696D61676573206F6620706C616E65747320627920626C6F636B696E67206F757420746865206C696768742066726F6D20746865697220706172656E742073746172732E'),
	(4,'Gravitational Microlensing',X'54686973206D6574686F64206465746563747320706C616E657473206279206D6561737572696E67207468652062656E64696E67206F66206C6967687420636175736564206279207468656972206772617669746174696F6E616C206669656C642061732074686579207061737320696E2066726F6E74206F662061206261636B67726F756E6420737461722E'),
	(5,'Astrometry',X'417374726F6D65747279206465746563747320706C616E657473206279206D6561737572696E672074686520736D616C6C206D6F76656D656E747320696E2074686520706F736974696F6E206F66206120737461722064756520746F20746865206772617669746174696F6E616C20696E666C75656E6365206F6620616E206F72626974696E6720706C616E65742E');

/*!40000 ALTER TABLE `discovery_methods` ENABLE KEYS */;
UNLOCK TABLES;


# Dump of table habitability
# ------------------------------------------------------------

DROP TABLE IF EXISTS `habitability`;

CREATE TABLE `habitability` (
  `id` int NOT NULL,
  `water_presence` tinyint(1) DEFAULT NULL,
  `atmosphere_type` varchar(255) DEFAULT NULL,
  `gravity` float DEFAULT NULL,
  `radiation_level` varchar(255) DEFAULT NULL,
  `habitable_zone` tinyint(1) DEFAULT NULL,
  `life_potential` varchar(255) DEFAULT NULL,
  PRIMARY KEY (`id`),
  UNIQUE KEY `id_UNIQUE` (`id`)
) ENGINE=InnoDB DEFAULT CHARSET=utf8mb3;

LOCK TABLES `habitability` WRITE;
/*!40000 ALTER TABLE `habitability` DISABLE KEYS */;

INSERT INTO `habitability` (`id`, `water_presence`, `atmosphere_type`, `gravity`, `radiation_level`, `habitable_zone`, `life_potential`)
VALUES
	(1,1,'Oxygen-rich',1,'Low',1,'High'),
	(2,0,'Carbon dioxide-rich',1.2,'High',0,'Low'),
	(3,1,'Nitrogen-oxygen',0.9,'Medium',1,'Medium'),
	(4,1,'Methane-rich',1.1,'Medium',0,'Low'),
	(5,0,'Ammonia-rich',0.8,'High',0,'Very Low');

/*!40000 ALTER TABLE `habitability` ENABLE KEYS */;
UNLOCK TABLES;


# Dump of table planets
# ------------------------------------------------------------

DROP TABLE IF EXISTS `planets`;

CREATE TABLE `planets` (
  `id` int NOT NULL,
  `name` varchar(255) NOT NULL,
  `description` blob NOT NULL,
  `image` varchar(255) DEFAULT NULL,
  `length_of_year` float DEFAULT NULL,
  `moons` int DEFAULT NULL,
  `temperature` varchar(255) DEFAULT NULL,
  `diameter` float DEFAULT NULL,
  `date_discovered` datetime DEFAULT NULL,
  `mass` varchar(255) CHARACTER SET utf8mb3 COLLATE utf8mb3_general_ci DEFAULT NULL,
  `distance_from_sun` float DEFAULT NULL,
  `discovery_method_id` int NOT NULL,
  `habitability_id` int NOT NULL,
  PRIMARY KEY (`id`),
  UNIQUE KEY `id_UNIQUE` (`id`),
  UNIQUE KEY `name_UNIQUE` (`name`),
  KEY `fk_planets_discovery_method1_idx` (`discovery_method_id`),
  KEY `fk_planets_habitability1_idx` (`habitability_id`),
  CONSTRAINT `fk_planets_discovery_method1` FOREIGN KEY (`discovery_method_id`) REFERENCES `discovery_methods` (`id`),
  CONSTRAINT `fk_planets_habitability1` FOREIGN KEY (`habitability_id`) REFERENCES `habitability` (`id`)
) ENGINE=InnoDB DEFAULT CHARSET=utf8mb3;

LOCK TABLES `planets` WRITE;
/*!40000 ALTER TABLE `planets` DISABLE KEYS */;

INSERT INTO `planets` (`id`, `name`, `description`, `image`, `length_of_year`, `moons`, `temperature`, `diameter`, `date_discovered`, `mass`, `distance_from_sun`, `discovery_method_id`, `habitability_id`)
VALUES
	(1,'Kepler-22b',X'4B65706C65722D32326220697320612073757065722D45617274682065786F706C616E6574206C6F636174656420696E2074686520686162697461626C65207A6F6E65206F662069747320737461722E','https://upload.wikimedia.org/wikipedia/commons/thumb/1/1e/Kepler22b-artwork.jpg/1280px-Kepler22b-artwork.jpg',290,2,'22°C to 28°C',2.4,'2009-05-12 00:00:00','5.36',620,1,1),
	(2,'Proxima Centauri b',X'50726F78696D612043656E7461757269206220697320616E2065786F706C616E6574206F72626974696E672074686520737461722050726F78696D612043656E74617572692E','',365,1,'-40°C to 0°C',1.1,'2016-08-24 00:00:00','1.27',4.2,2,2),
	(3,'TRAPPIST-1d',X'54524150504953542D3164206973206F6E65206F662074686520736576656E2045617274682D73697A656420706C616E657473206F72626974696E67207468652054524150504953542D3120737461722E','https://upload.wikimedia.org/wikipedia/commons/7/71/TRAPPIST-1d_artist_impression_2018.png',120,3,'10°C to 20°C',1.2,'2017-02-22 00:00:00','0.82',39,3,3),
	(4,'LHS 1140 b',X'4C485320313134302062206973206120726F636B792065786F706C616E657420696E2074686520686162697461626C65207A6F6E65206F662069747320737461722E','',280,1,'10°C to 30°C',1.4,'2017-04-20 00:00:00','6.64',15,4,4),
	(5,'HD 209458 b',X'4844203230393435382062206973206120686F74204A7570697465722065786F706C616E6574206C6F63617465642061726F756E6420313530206C696768742D796561727320617761792066726F6D2045617274682E','https://assets.science.nasa.gov/dynamicimage/assets/science/astro/exo-explore/2023/09/heic0303aS.jpg',10,0,'500°C',1.3,'1999-12-05 00:00:00','0.69',1500,5,5);

/*!40000 ALTER TABLE `planets` ENABLE KEYS */;
UNLOCK TABLES;



/*!40111 SET SQL_NOTES=@OLD_SQL_NOTES */;
/*!40101 SET SQL_MODE=@OLD_SQL_MODE */;
/*!40014 SET FOREIGN_KEY_CHECKS=@OLD_FOREIGN_KEY_CHECKS */;
/*!40101 SET CHARACTER_SET_CLIENT=@OLD_CHARACTER_SET_CLIENT */;
/*!40101 SET CHARACTER_SET_RESULTS=@OLD_CHARACTER_SET_RESULTS */;
/*!40101 SET COLLATION_CONNECTION=@OLD_COLLATION_CONNECTION */;
